3M,https://encrypted-tbn0.gstatic.com/images?q=tbn:ANd9GcRru4U2Zn8I7t-C1fBJsRkufcZuqTxoyoqd2LfZ5tVb7ixpBuy7jxl4qgFcvg&s,https://encrypted-tbn0.gstatic.com/images?q=tbn:ANd9GcRFkk_BoV2ZECc8JX4qDZyHKth_8A5LSpfAklJIQHkmEIDNh7K-pt0XLEuHdrM&s,Science Applied to Life
Accenture,https://encrypted-tbn0.gstatic.com/images?q=tbn:ANd9GcTygtskXpktVqF2Gx-zbJlOHK3wnhpKJnw7qz1GvZL1tbGR7CHNMHJ_Vq4Lig&s,https://encrypted-tbn0.gstatic.com/images?q=tbn:ANd9GcTHqRXsxGyS2QI6MRwDn6MMEXyN4CN8LG6CRdznc9zOAj4pWpSkSTUfPYEjulA&s,New Applied Now
Adidas,https://encrypted-tbn0.gstatic.com/images?q=tbn:ANd9GcTkaiUkfh39KveYkPr15caauiaBUmcCQPQljVU2UlorHq5OGDNKyN4Tm-9FMSQ&s,https://encrypted-tbn0.gstatic.com/images?q=tbn:ANd9GcQaQ4xqW4nZjIQ_VOlX4nBMnIPowkvSe6JCw_QIvEwObSHrYFWPYxha3KOlcMs&s,Nothing is Impossible
Adobe,https://encrypted-tbn0.gstatic.com/images?q=tbn:ANd9GcTIH7WN8XCHRs-qN9BK4YuCYyqaGbF6P6Ia8klTiJpDtUh22teCa2y9_y_4hMk&s,https://encrypted-tbn0.gstatic.com/images?q=tbn:ANd9GcTkBpauFCQrF3x8pcpISrhi0IYlXo_-uocenYDy26DL-O2EM2B1GF2Ym6YBWV0&s,Better by Adobe
Allianz,https://encrypted-tbn0.gstatic.com/images?q=tbn:ANd9GcQ-QGET6dgkq961tVdv_I5IaviEuxCjdYZJf3tx66_l2BXkNoT1fCWd9vopHCU&s,https://encrypted-tbn0.gstatic.com/images?q=tbn:ANd9GcTxoXVECJo3Oa2v6-ogjwmrNLlwONOKluwn6r7XnpKG55aCodyYJ2cvQkkYusc&s,We Cover Courage
Amazon,https://encrypted-tbn0.gstatic.com/images?q=tbn:ANd9GcSK27nsi-6EeO-4jrZoIKKQbDWu2h1V7QHv0rN3Hg3u8YGjAcryvs4iMQRGHw&s,https://encrypted-tbn0.gstatic.com/images?q=tbn:ANd9GcQSTy6SVPfLTKpL5EhbrXcXOefpC_lJ-AYys-On90DlnvN2hf6asMjJV6_brg&s,Irrisitable Delivered
American,https://encrypted-tbn0.gstatic.com/images?q=tbn:ANd9GcSQEdHFDEHdblW65mQDmFXulbvMD735AkEFYG6WnG1GM5aIZTbgUiAVVx-86oY&s,https://encrypted-tbn0.gstatic.com/images?q=tbn:ANd9GcTeDOkpQDT0GDw4UKRYel4H0IWxvdiQXiyAjyEboBzgg2kF7ajiPuFVjfjI5g&s,ExpressDont Live Life Without It
Apple,https://encrypted-tbn0.gstatic.com/images?q=tbn:ANd9GcSRTCeNvSeb2f3pFqrsuEib5B3U2NN7z-H-mFnFme1Uf4Tk0j_T8Bu3QVZZuX0&s,https://encrypted-tbn0.gstatic.com/images?q=tbn:ANd9GcQAleLgVk8IIP7L3uG2ZOwzpM8H1Y3VhBDEomk5qdsrDrHLvqIvkLGB7SU5K_c&s,NA  Does not use a tagline
Audi,https://encrypted-tbn0.gstatic.com/images?q=tbn:ANd9GcTKMh0w1KBoNSqL3RKUFOejOtxigc9b8yK52JxqWIgSt4Lti9lkYwSMnjKtT-k&s,https://encrypted-tbn0.gstatic.com/images?q=tbn:ANd9GcRm-9EM6iTsmONA6aVF2ClwdmHz6XoNBQ8k0xCJlnIdlaY1yop-BUiHtg7E6jM&s,Truth In Engineering
AXA,https://encrypted-tbn0.gstatic.com/images?q=tbn:ANd9GcTLIhj_SIKJdGrCk0EV4MYb_JxQS9cTGEZ7MmS_OxbjOpJlwCz8lPCg6ILmsw&s,https://encrypted-tbn0.gstatic.com/images?q=tbn:ANd9GcRVytfw8UVdEhn70OsUN36J6tzgpYdYM2iQx9YuwQEhD7W35XjJV1DXUNZMWJY&s,Know You Can
Banco,https://encrypted-tbn0.gstatic.com/images?q=tbn:ANd9GcTg0hRYkqytMEVPaMEPftGkrBJUy0Y-SnAThTioz23qENiMjsbuAKoYoApY2w&s,https://encrypted-tbn0.gstatic.com/images?q=tbn:ANd9GcQO0AKjWrQYKqLzzkVRjzeOgnUogBcO2dTvhI_GuidhOzq_pYW2-9ygkeBXy48&s,SantanderRespect Ads Up
BMW,https://encrypted-tbn0.gstatic.com/images?q=tbn:ANd9GcSN4gEheIjF2MU5CgAS9cfL8qf5pMX9FYKvx2xoa3YM-wRnRVB9KL-q2epp8sk&s,https://encrypted-tbn0.gstatic.com/images?q=tbn:ANd9GcQ6SboDWh10r7cvqPrEvLbyn7cDeWzH5oQ3wb2jzZT357vcscyiLtrjUKHtuic&s,The Ultimate Driving Machine
Budweiser,https://encrypted-tbn0.gstatic.com/images?q=tbn:ANd9GcTkZwyNRciRAloD8wpR6i8UaBQZL1uw3x5IHXnyipGA2SIKzZkwz_0Qbzhpxsc&s,https://encrypted-tbn0.gstatic.com/images?q=tbn:ANd9GcQKHTMtr06LUdOygUZ-65lzP7AzLfXd-qaPIxp6lHy9W1q-_mlI-_nrlItdlw&s,This Buds For You
Burberry,https://encrypted-tbn0.gstatic.com/images?q=tbn:ANd9GcRhoqXmWrY12vHI4s65tns6w7_tNcVO_P01h-bsEBKLk8zHUHQhKByn1KDgVg&s,https://encrypted-tbn0.gstatic.com/images?q=tbn:ANd9GcRO4-2wKzrM84rp2Jb9WpvjyuorEAGJu7SMLbgLZf_o7cZhyjnCX-FkSL8twg&s,London England
Canon,https://encrypted-tbn0.gstatic.com/images?q=tbn:ANd9GcRmYUAYKJdTRKm0IZu1Q-m5lJrY_bbMYFgao0XWEB5cRiDU-r_naMWOW2rnWw&s,https://encrypted-tbn0.gstatic.com/images?q=tbn:ANd9GcRAbzmUxob9E6ABboKhCc7fSygzVuWdxOyLoOdOev4EuvHws-GAn2zO7CKqnno&s,Delighting You Always
Cartier,https://encrypted-tbn0.gstatic.com/images?q=tbn:ANd9GcQk9ijqCU-rLkrajRGfwIT5EYji24N5TBMH0jzs3Vrw_JlrGfPD7Pfs_QEssg&s,https://encrypted-tbn0.gstatic.com/images?q=tbn:ANd9GcQBSQafwGmHQQCMbP6XA6HZbCBY2CkMMZJ_srnMsIUfJjDj3sf1ITo2Di7SKg&s,The art of being unique
Caterpillar,https://encrypted-tbn0.gstatic.com/images?q=tbn:ANd9GcTpQ6qDeQK_A1Mn_BSfqR28rK0S-bmjbHcE6l20pHVr-q6GKp6eJWtSs9mqUaU&s,https://encrypted-tbn0.gstatic.com/images?q=tbn:ANd9GcSq_EZ4riAoBoOoWJ6uOGwSYzF0PdbuGS712gfwF1KO1ycGwHKkUrhy8-4_6-w&s,Lets Do The Work
Chanel,https://encrypted-tbn0.gstatic.com/images?q=tbn:ANd9GcS-zV1kAeGShBxewbBMth7LcZk_QpuHRr7qd9Gtv0-IBFUFaaFlLOctcoW1kvU&s,https://encrypted-tbn0.gstatic.com/images?q=tbn:ANd9GcQ52lNq_BfJBl_bQiD29sPJnAcUD583nTngfP5iRD1otXe5MAoVmlGOZqzBkw&s,NA  Does not use a tagline
Cisco,https://encrypted-tbn0.gstatic.com/images?q=tbn:ANd9GcSI4bZHannfhLJbNcT15wD1oq320qEZDfG1wr-Hw_nZzk1n_hL1eAvA2AWM_Q&s,https://encrypted-tbn0.gstatic.com/images?q=tbn:ANd9GcT_78wi3KC_Gjg79oFIq5_UujdBqWrOaHiFNBc3vcBna6r_wNqIotBO-6ViHQ&s,The Bridge To Possible
Citi,https://encrypted-tbn0.gstatic.com/images?q=tbn:ANd9GcTyNqmudnDoQvW_d3LkITiEHFrgTjNZrloGkkE7xC014sxBThfOHzRHaB8S-Q&s,https://encrypted-tbn0.gstatic.com/images?q=tbn:ANd9GcSM9IZf17TC7jI-HVibhVJQC_ryVTAfQ0IbrB1fJHMexS8RzuNs4Akm5Se7ptE&s,Welcome Whats Next
Coca-Cola,https://encrypted-tbn0.gstatic.com/images?q=tbn:ANd9GcTDnmO_4AkoE1V5tQr99Z5bJjkiEtjzXy61UmvdmFzDwwCF6S4CijXxknEjs1I&s,https://encrypted-tbn0.gstatic.com/images?q=tbn:ANd9GcTrBK4D_O_i2BAblbW4nTc_cmEiaZvWo60FGgp_wVWTxIQXkivIyvlgefcL3w&s,Open Happiness
Colgate,https://encrypted-tbn0.gstatic.com/images?q=tbn:ANd9GcQfmJCboQ-FHZ6xqSiGyqDcKwJwjmf6KnKUrZG-8XBGaeTuUQ8iwWLIv-CF4j0&s,https://encrypted-tbn0.gstatic.com/images?q=tbn:ANd9GcQu8qCEHJj4c9zlrB3u1yGqmbYg6fMMw9Pk1-raC9VgKJ8AkcyIEYLhimKxfVM&s,Antibacterial Protection for a Healthier Mouth Total
Corona,https://encrypted-tbn0.gstatic.com/images?q=tbn:ANd9GcT80iuQSuVUcg262eDHsd_TXwQXUfEuZVOakWk66dP3o9iA5tTIWLWK70HpNQ&s,https://encrypted-tbn0.gstatic.com/images?q=tbn:ANd9GcSGco33vSZJN02C6z65xDJPjzeFM2TInk-GLyERgZJB-0CihrzpGjRsm_nnTRY&s,Find Your Beach Hard Seltzer
Danone,https://encrypted-tbn0.gstatic.com/images?q=tbn:ANd9GcRAY7O12CLYiq9AF44wlVCIwgdve4leKf2oj_XNUC_HfHfu-aC0M8uZt1moiw&s,https://encrypted-tbn0.gstatic.com/images?q=tbn:ANd9GcTwcGI-3Dt_m_K3URmkOQ31NlqeVNU1gPXhDNsL2JnP58mR83IJ-PoiWeyzxg&s,NA  Does not use a tagline
Dell,https://encrypted-tbn0.gstatic.com/images?q=tbn:ANd9GcRtkAweLIpteaDFUDrilI9LsyKh2OvC4GDl0xmapy-DOP6FF3B2R_F5j5wJBfA&s,https://encrypted-tbn0.gstatic.com/images?q=tbn:ANd9GcSSpUI2osEuXfqHO_qjNLJ2fc--F8mkT2hUaxBGB7iP1x27XpA6rWr-pBXUFw&s,Every Little Thing Is Everything
DHL,https://encrypted-tbn0.gstatic.com/images?q=tbn:ANd9GcRO59UPgNScCDVilK57rn3ujoPd5SNv8cl_QcZYDqTQ_3SstrEYX7F52veWlxY&s,https://encrypted-tbn0.gstatic.com/images?q=tbn:ANd9GcRwDbioitkk73iAdaVYAzUU9UM44RlGagc2Csf7eUxPuNUt-KA6FbOXbuI2Zfk&s,Excellence Simply Delivered
Dior,https://encrypted-tbn0.gstatic.com/images?q=tbn:ANd9GcQBWLJSK2Ef77r7fMiHfo5NHamy6f64wmVdj_ghAP19lGRKxzG3D2sgRxrAEA&s,https://encrypted-tbn0.gstatic.com/images?q=tbn:ANd9GcQtQ1JK01VlzMnDCtIIYdOh2fOrYmSBFzD95VSJVS4T4n8C6emA9BMiWyp3ERI&s,NA  Does not use a tagline
Discovery,https://encrypted-tbn0.gstatic.com/images?q=tbn:ANd9GcQcDUY_C-nY8y1u0nO3DVEoi8ekNz6011Pom9CUQJTfvrfHKJnQL04lWupu0A&s,https://encrypted-tbn0.gstatic.com/images?q=tbn:ANd9GcRDrLLHrrl7vZ6TGZW9kNPHGZreGWv9avhkz55A0pEGOQVDJDNZo0FugpnJxw&s,Explore Your World
Disney,https://encrypted-tbn0.gstatic.com/images?q=tbn:ANd9GcQACUTCafe9vRjIrjeRWPwaYW7QfFVZ4Bqh_Ly8etngYNnCOmTx875FVpnjKA&s,https://encrypted-tbn0.gstatic.com/images?q=tbn:ANd9GcTDx6cvdoVJBKH34DHtcJoFnK1DkOzGB9DeVGnLPYUA-xpwM7cXYM6xLYEi3rE&s,The happiest place on earth
eBay,https://encrypted-tbn0.gstatic.com/images?q=tbn:ANd9GcTNZxQ2viDJBgQQOlqvJm8ZavhdhXIDEsjZ6Z4-XvYK_pCIbTmIELxNWeNOraY&s,https://encrypted-tbn0.gstatic.com/images?q=tbn:ANd9GcTm54bJQ74th8j7zuZCofPBVVpMqTjmhL9tTvdt2pUKclBeQaVu742Z4qFkZo0&s,Buy it Sell it Love it
Facebook,https://encrypted-tbn0.gstatic.com/images?q=tbn:ANd9GcQn8ppSMoq5zmrgqLgvbbVzbWoRjqbrz0esemE0GjUtjEyTm3w_y552DsZxsu0&s,https://encrypted-tbn0.gstatic.com/images?q=tbn:ANd9GcQAalwMi1z_35JCv9tmX3zKEBFjvJRlYoEeel0HuuNWVU16waDyYwsmpdqorJk&s,More together
FedEx,https://encrypted-tbn0.gstatic.com/images?q=tbn:ANd9GcScTKzbiDYW8gGEvfHMCz-VCdz62XY04W5oUn8_ei2BZr1nNcmqzCWKOntBRA&s,https://encrypted-tbn0.gstatic.com/images?q=tbn:ANd9GcTKKrDD-YtSiaRWIsKdiSqJ1vBfNmSX8eaSf0403jm4vBn6wW1ctnGCAj_dew&s,Opportunity  Strength  Miracles What We Deliver By Delivering
Ferrari,https://encrypted-tbn0.gstatic.com/images?q=tbn:ANd9GcTrb_Fvm29rmDSOU1enWWkcgj3pXvbqRlX_EQ5lNHAfegxzoquoXEOYMxT1AA&s,https://encrypted-tbn0.gstatic.com/images?q=tbn:ANd9GcS8qB-ODEEfqPLaNo9juL7qTDEy516sIAs7CNN_d5psZmtQJdqqMUYaNkmUKcI&s,NA  Does not use a tagline
Ford,https://encrypted-tbn0.gstatic.com/images?q=tbn:ANd9GcRRhWIyUFemyR2FVo-VOg-B52F9GnAMkpYKMMZnKtYs7F2lsKx-S3TYDHxPrg&s,https://encrypted-tbn0.gstatic.com/images?q=tbn:ANd9GcSbQdyLER5L7j6ofjvoSypx88JlMdyzCCh0Ry7fdKg5VbwRl77aQuSc4i3J8Q&s,Go Further
General,https://encrypted-tbn0.gstatic.com/images?q=tbn:ANd9GcR3TQfPZ_limkyBeA-pzEmvkc_-GeA-DZaPhVKzTEGwRb6rPyn0_Y0jf0UGhw&s,https://encrypted-tbn0.gstatic.com/images?q=tbn:ANd9GcRIOQMRFhy0GD09_tNxkYIc0HIwHU_W9qom_e2h0IQM-UQEYMF41W9tdrKFaQ&s,Electric Things
Gillette,https://encrypted-tbn0.gstatic.com/images?q=tbn:ANd9GcRS8uCe23im0DEx1t59SFOHv6jQIP76TIN4Ou9TddFJLGky--G3rgiejGcsTA&s,https://encrypted-tbn0.gstatic.com/images?q=tbn:ANd9GcRw2oLFR67FgC6waYefO-vIRj2et7a044OVqtX_9oXkBTqoCdAqVLbYfkxTYA&s,The Best A Man Can Get
Goldman,https://encrypted-tbn0.gstatic.com/images?q=tbn:ANd9GcRpKKDd2K588iJRra8SXoggI4s0KckRfU3Zb_fywRXcsIWbv50H_ljM-3tDDCc&s,https://encrypted-tbn0.gstatic.com/images?q=tbn:ANd9GcR2Y0f6YAweWM8z9wRjOYt7kQsdzuDkrWqjRxIJuE2aQyeBQwfXjAmiF6CA5g&s,SachsYou Can Money by Goldman Sachs
Google,https://encrypted-tbn0.gstatic.com/images?q=tbn:ANd9GcRWgqBfqT4fScegAI892pFAXki3-lqRUhopsAVs6H4UI2Iry-hxYyuNStE_ww&s,https://encrypted-tbn0.gstatic.com/images?q=tbn:ANd9GcQZnCslv9EI7z-XqYhBUSv9ekQX_PJZE7QOKBfuHl17Uu_dlQnAK-yuewV2hw&s,With A Little Help From Google
Gucci,https://encrypted-tbn0.gstatic.com/images?q=tbn:ANd9GcRbTipU4lvUewcNJTOYBCvUNjkyaGcML05eFHv6OaOpqsUg3d0mb-DXtvhbF4k&s,https://encrypted-tbn0.gstatic.com/images?q=tbn:ANd9GcRP4PP4n0CMHnlY_XgNfCrodeS_yMFhF702FyESUeptgtX7m_HxS-SXyy8rDW0&s,NA  Does not use a tagline
H&M,https://encrypted-tbn0.gstatic.com/images?q=tbn:ANd9GcS-UpYfSBZDd_u-gF4Cv2oFylqSgN7Z-K5Jmudju168vT-roLrmMvbl-ZeL9bA&s,https://encrypted-tbn0.gstatic.com/images?q=tbn:ANd9GcS-UpYfSBZDd_u-gF4Cv2oFylqSgN7Z-K5Jmudju168vT-roLrmMvbl-ZeL9bA&s,NA  Does not use a tagline
Harley-Davidson,https://encrypted-tbn0.gstatic.com/images?q=tbn:ANd9GcR_dHSxD_R0bLL_nKQVdotDuna3zOqsKM8CLGhmZe0Mmy6fOWOqcu_IXPUCpg&s,https://encrypted-tbn0.gstatic.com/images?q=tbn:ANd9GcS401M4pXMGpyBlm8BPhXI7-iEy6yMYTC4yPAwUbvlnzowqdLsOL-DRse91xQ&s,Screw it
Heineken,https://encrypted-tbn0.gstatic.com/images?q=tbn:ANd9GcSvK5cZi5hXm1XeYgqJAv-boyFYDjsGj4hgVXHv6E0gTqo-juz2vX8ljSyUjQ&s,https://encrypted-tbn0.gstatic.com/images?q=tbn:ANd9GcQGEnIzBDgEX2UvJDSdjL7MCbsjm8xXb73lKOye1kb0F0hFrsXZ0VLv2ZXN6yc&s,Open Your World
Hennessy,https://encrypted-tbn0.gstatic.com/images?q=tbn:ANd9GcS9mkgyCN_eYT7NrRF7cqKlkLzSoua7fG8hD_apQMhWxMtCR0Tud1Rti32Iq5w&s,https://encrypted-tbn0.gstatic.com/images?q=tbn:ANd9GcQG3S11CTT3rjj0lTjZRxy9XxXp1TTD7ZVYic-ZMwsebbXxeK6suY9ekCH0Kg&s,Never Stop Never Settle Since 
Hermès,https://encrypted-tbn0.gstatic.com/images?q=tbn:ANd9GcSCwBefmdcG8njWzL5Da4izsorDGnSzgXsrVIMxzUQXJKSrkNuv0CHUZuoZkg&s,https://encrypted-tbn0.gstatic.com/images?q=tbn:ANd9GcQHwkwMv5EBHYQ3gYjZLN2VfQeNuJKz3w7X-COsMc6RIOAGew0ctM637h3WbQ&s,NA  Does not use a tagline
Hewlett,https://encrypted-tbn0.gstatic.com/images?q=tbn:ANd9GcQoWS1EooOpfgTMDP7rtgdWWE3iLj74tHaLFb2I79xOWnM6xEV_Zy7gj-chDw&s,https://encrypted-tbn0.gstatic.com/images?q=tbn:ANd9GcQ-iSubD5iBKTPyL5gUr21p7KuczABG771Tsbdn3M0uziTDIkpdY8t09nt7Fw&s,Packard EnterpriseAccelerating Next
Honda,https://encrypted-tbn0.gstatic.com/images?q=tbn:ANd9GcTGdrxab4dOMm6VsVPanqHMj4ga6nR8xeotOdkx05fjK3elfvuK7R8dx3nSZQ&s,https://encrypted-tbn0.gstatic.com/images?q=tbn:ANd9GcRHm7qj0IAXOj82SeEjvBMkTRUp5xLz42-epR4Q5ElO5sz3-GE67ebUUMlSbQ&s,From Honda
HP,https://encrypted-tbn0.gstatic.com/images?q=tbn:ANd9GcR8E_03hI7UlakijiqvMp7lyD42af28h17S3y6f04BFWpO6kPRc9ozmeomXKA&s,https://encrypted-tbn0.gstatic.com/images?q=tbn:ANd9GcSszI2mqiigmTamUB6nM_cNMK8snH_6vzxhS5dCJHLXKrGtbvy2TNuJ4TFw8Q&s,Keep Reinventing
HSBC,https://encrypted-tbn0.gstatic.com/images?q=tbn:ANd9GcRvjbrYnOym0PHrdizueKrySxMr7UUcRTrEGllCXqwAa3VjXWZnBXiQp8NaXQ&s,https://encrypted-tbn0.gstatic.com/images?q=tbn:ANd9GcRMRkatFnTbrEaFnOkdirY78P3JE_b8jusXTCstTb7flE-i-IqoXnoLZ1ngTQ&s,Together We Thrive
Huawei,https://encrypted-tbn0.gstatic.com/images?q=tbn:ANd9GcQr7kq67XZg8HldeJSqT3MCXMKvklgnwgDbL-orYGSyJOUiW34alHJceu9HOg&s,https://encrypted-tbn0.gstatic.com/images?q=tbn:ANd9GcQampo962231SCYRoQxybCLSu-IsQTXlx-LbWInmLsqfA9OKy8SINNHy1Ibdg&s,Its In Your Hands
Hyundai,https://encrypted-tbn0.gstatic.com/images?q=tbn:ANd9GcTkMZ3WM-W2dgtDP2TmDJIrVTeTeCE1Yup7Bu4jvIBqSZ0Cp2Cwi6_lZi1Amg&s,https://encrypted-tbn0.gstatic.com/images?q=tbn:ANd9GcQDLdeERP9_AjXrsBg5Js0TXTlWigV9Psyrgp8KX894bQ5uFkQqsEOKWxfzFg&s,Better Drives Us
IBM,https://encrypted-tbn0.gstatic.com/images?q=tbn:ANd9GcQJBj5soeVPeXm9cFAMjKrsWW35kZ0nHGgLV7LyzlSNEJFyOOuDYE7TkxMJrg&s,https://encrypted-tbn0.gstatic.com/images?q=tbn:ANd9GcTYYnLdXYWtwF0ps-Uk0-SNI2IQ8_1nXKhwy5mVAKki_-jWFTVbOVIqaUNPkA&s,Lets Put Smart to Work
IKEA,https://encrypted-tbn0.gstatic.com/images?q=tbn:ANd9GcRigJgnkvioZ9ZDnQqAunVK4ZK5ojRGQDez2A4jR31lUVSu1maM3RQCb9gdgA&s,https://encrypted-tbn0.gstatic.com/images?q=tbn:ANd9GcSULvvzIxbAZLN_pJh6k5Umwylb2ypLG2lUns-cE21QC3Ms5CKAoi9Rm6qYrA&s,NA  Does not use a tagline
Intel,https://encrypted-tbn0.gstatic.com/images?q=tbn:ANd9GcS5ICYKxNRRE5i-eUf45besnwQay0Nx0m0gYmr5ozq1J0MzUAvHkVgUC1UpLl4&s,https://encrypted-tbn0.gstatic.com/images?q=tbn:ANd9GcSAugrumXLhokLS-PDKWCtX1HBXa583gyaiNznRyKOFk7jq4dBw6QBP9OOKvZg&s,Experience Whats Inside
J.P. Morgan,https://encrypted-tbn0.gstatic.com/images?q=tbn:ANd9GcRDPKT01MJQYZ84OKZFA73W_msI6lAGTMvuy3-jmjQ_ZL8xN20wLBddpWvQmGA&s,https://encrypted-tbn0.gstatic.com/images?q=tbn:ANd9GcTwxQXX94Bf99qDphc8hXqNSd2W_97m43Gxr_vscSSYMzczt7zgFWAYTUeTxA&s,Make More of Whats Yours
Jack Daniel’s,https://encrypted-tbn0.gstatic.com/images?q=tbn:ANd9GcQuX9TgeHqDuTA6WaGojdb4EQc2zgkhEHYaiqEt444rhFOWgBMQBtNwXXGrVg&s,https://encrypted-tbn0.gstatic.com/images?q=tbn:ANd9GcRxgJOR0tQLJFmDJUzCQOVHQMt2S455reJybuO2CX8gvoAOxhratY8ybe4RNQ&s,What the Label Doesnt Tell You
John Deere,https://encrypted-tbn0.gstatic.com/images?q=tbn:ANd9GcT2FMAmK0FrlPizlTGGHZlYAcb87cbXEnizSAnTTscF_xWjPp5HFSDIcsR1aw&s,https://encrypted-tbn0.gstatic.com/images?q=tbn:ANd9GcTDzdfIU6Z8tA-qLVL_UmhdXTvuh7f_znry2AEqPS4JWi9KRDjQtVQWkLthuJ4&s,Nothing Runs Like a Deere
Johnson & Johnson,https://encrypted-tbn0.gstatic.com/images?q=tbn:ANd9GcS5FFwU1V1VFhtMVex4affFD7eAPg-tf0chgAeO-lcD73frYdHGYu8H7VlFhA8&s,https://encrypted-tbn0.gstatic.com/images?q=tbn:ANd9GcS5FFwU1V1VFhtMVex4affFD7eAPg-tf0chgAeO-lcD73frYdHGYu8H7VlFhA8&s,So Much More Baby
Kellogg’s,https://encrypted-tbn0.gstatic.com/images?q=tbn:ANd9GcQoAh4WQaYKNLgaNq4Qf3qB_VbGBzwfJ-5DcAVTTanto20hSCf67bj8NaNcKy4&s,https://encrypted-tbn0.gstatic.com/images?q=tbn:ANd9GcTT1tOmtQwa6JFoi0yRGsyJSxOWvOewxF8xxTxzJ4kt1bWI6FBIUj2eNzZD0A&s,NA  Does not use a tagline
KFC,https://encrypted-tbn0.gstatic.com/images?q=tbn:ANd9GcQJUvQ65x2_VUSc009BNv9EZxNg0odmSMLNOqbhb0-txhrjHQEfOjNodY6X7Q&s,https://encrypted-tbn0.gstatic.com/images?q=tbn:ANd9GcQGe3cvQlM2XAL-wG5FbI5QUMkTG1YTNnEF8_8Iu9sUn9VoQ-rH7K9h06-OUw&s,Its Finger Lickin Good
Kia,https://encrypted-tbn0.gstatic.com/images?q=tbn:ANd9GcSrTa1KAVQbzW30hwnF_IRhg6H2TVsiv1QIYMyxuI5MF61JIz4nDsBxDO3TmnI&s,https://encrypted-tbn0.gstatic.com/images?q=tbn:ANd9GcQbR0bjHy6qHJYI7HVbB2UIvs69iGQx1aoIme5QQcOVsxYzF8YVCkqEAa0sIPc&s,Give It Everything
L’Oréal Paris,https://encrypted-tbn0.gstatic.com/images?q=tbn:ANd9GcT45KjShDv8ADKdlU18hSbJMkC4e_u5x88HKMxWTNZrOV7btzb4kt8MjSOf3EQ&s,https://encrypted-tbn0.gstatic.com/images?q=tbn:ANd9GcRWbBQpUY9mxhAz03pzIfZqog7iwEA-k0kOrAmBJ4IUZrLQh8NaAKm3P7TN6g&s,Because Youre Worth It
Land Rover,https://encrypted-tbn0.gstatic.com/images?q=tbn:ANd9GcSgtWw9tFRjlWza7M7Dd0IzwwhAdbFOOXwNLxKc0NRK4MfRccpdQ6T79hwF9w&s,https://encrypted-tbn0.gstatic.com/images?q=tbn:ANd9GcQSJbf3x07qE8HKWXWmNjEVdPF8_8onMCpB7peWzI8q4ww3Z3Xm_Plnw5qwKJg&s,Above  Beyond
LEGO,https://encrypted-tbn0.gstatic.com/images?q=tbn:ANd9GcRlOxo8MN8GUK87m4QVxHurqJ04oGYxh_UjBmRMSTcDbAerEWjR_7ARuFI5Kg&s,https://encrypted-tbn0.gstatic.com/images?q=tbn:ANd9GcQzOpw3TBtOfLWtxMUc9woRE_H08CzKUZ8m90JZMdRHwaEghKYb5t61OY3k1g&s,NA  Does not use a tagline
LinkedIn,https://encrypted-tbn0.gstatic.com/images?q=tbn:ANd9GcSwvSe0PFglnxDfubeV4b2oaKwSHNMeai9qoXhtOPNs3E-Qmuanz0y_8cgB5w&s,https://encrypted-tbn0.gstatic.com/images?q=tbn:ANd9GcSXxQ0TYToZLx7KYHXqEE2Ph1696G7b1laa1Kh6iOHhNy9cejCBDmJ_ggLcpNw&s,Were In It Together
Louis Vuitton,https://encrypted-tbn0.gstatic.com/images?q=tbn:ANd9GcSTAEcu7foJTJ0tMkmaIDLkol2EKwk8Rhyu1OVcQf7rg1YjJkbE8DW0iAhidg&s,https://encrypted-tbn0.gstatic.com/images?q=tbn:ANd9GcQhmijixS8_WqjIYs5Vvb3LS0QMbY1FjpoHR-q6yCLMpY3LFaRchzlKWAOijQ&s,NA  Does not use a tagline
Mastercard,https://encrypted-tbn0.gstatic.com/images?q=tbn:ANd9GcT_Mql-QYEov7W3U-GAqt4Jc-llnwLL5x1ruwz7SDtXZVXBn4-ccqvYvySlQCU&s,https://encrypted-tbn0.gstatic.com/images?q=tbn:ANd9GcThoqmm2UWfriJrUvsLcCexih5h3yougndGcDMRdb9kdp-CmvsOYmHiXg-zVPo&s,Start Something Priceless
McDonald’s,https://encrypted-tbn0.gstatic.com/images?q=tbn:ANd9GcTpQ_P-oK-8zkPljBpIHgfCm8ie0ImRmW0grUILTyYQ0eMhVL7ZhVZ1a0-zfO4&s,https://encrypted-tbn0.gstatic.com/images?q=tbn:ANd9GcRbViIS2HCkE3ibccCtAV3Xdihw3iHkJKm213ribGTPKqE7PUDeVymoSHp3hTg&s,Im Lovin It
Mercedes-Benz,https://encrypted-tbn0.gstatic.com/images?q=tbn:ANd9GcRx_JC4ag2JbPs1jYl_IM8RzBJQN0aukD38Vj4ZLdVoPyZWqk6fvpvG1kOs5fY&s,https://encrypted-tbn0.gstatic.com/images?q=tbn:ANd9GcS09UziCWpLmaF2EiDa0gJRU-pF3eueWE7-JKvil7KaQfYguKPxck6_ebIsCw&s,The Best or Nothing
Microsoft,https://encrypted-tbn0.gstatic.com/images?q=tbn:ANd9GcR1j1cG5EK26qusSefIory5Mnvd9iI_8DfhlevcPhctSnqWuDecobBrEFV2NBM&s,https://encrypted-tbn0.gstatic.com/images?q=tbn:ANd9GcSuCQm-peGSxd2MR1g6jtXv3bv2Oz8A7jFWxf5jwToqv8urAKBeoCUpCujU2dA&s,Empowering Us All
MINI,https://encrypted-tbn0.gstatic.com/images?q=tbn:ANd9GcSrNCYME90ycScqgiJ8Tff7i1YSE15qmS1rT_U0-TE7F0owIG3e9qDqHN01Tw&s,https://encrypted-tbn0.gstatic.com/images?q=tbn:ANd9GcRAIpQ3Vc-vCj6BPbOg7FiYfDr_r66Rjt6K_O3sS2EmpdexNLpK2IezlLk05w&s,Born To Drive
Morgan Stanley,https://encrypted-tbn0.gstatic.com/images?q=tbn:ANd9GcRo6DwpJreIKuzaqoL4OISIn08q7kLUKHUz4odnnwM85D67UUWX9gV5Hp5cGA&s,https://encrypted-tbn0.gstatic.com/images?q=tbn:ANd9GcQu2tCpGvYbY7VfzF3Meplf7fRQnSLmEyzK6iiUe0_eVkMxxG1pK8bkdv4rvA&s,We Are Morgan Stanley
NESCAFÉ,https://encrypted-tbn0.gstatic.com/images?q=tbn:ANd9GcQ_ggN65b9xEAWwG_gRU2i7kmEpBdZy4TVwb22o74CHKbyNb-e2qUqmbnZ6P2E&s,https://encrypted-tbn0.gstatic.com/images?q=tbn:ANd9GcRcWNaTDz1JY-njyNI99egJm5AxoET4zUh9ko5wwf2xoRXgoqXni3_ue6m1eto&s,It All Starts With a NESCAF
Nestlé,https://encrypted-tbn0.gstatic.com/images?q=tbn:ANd9GcQ_VSENSziv-ZHnuJj5ioCeNzrLz7L6-hgz0SSBnNaelS5hX1W6y2PJe07h3A&s,https://encrypted-tbn0.gstatic.com/images?q=tbn:ANd9GcSsubNWuqaxP5pxW4DzpLlaRrZ97o1Cf2PO7RZvkXP4nOwLmHPym5-klL7XZG4&s,Water Is Our Lifes Work Waters
Netflix,https://encrypted-tbn0.gstatic.com/images?q=tbn:ANd9GcSKr4m4r1sSfIaWuLN859mOP9VUXvqALrpm4CFubwBry_woNTEVjTMN7En0cw&s,https://encrypted-tbn0.gstatic.com/images?q=tbn:ANd9GcTtH5QumJhC8mYGB-92j4DG2l55pn8X9qHa23SajWybOrxgjGlcX3yNZVDdKKc&s,NA  Does not use a tagline
Nike,https://encrypted-tbn0.gstatic.com/images?q=tbn:ANd9GcS3y-DjpPLmfxq_aT2a-fnsCcQc8spoxCLbKB7qpJtA2p7MAr6GvtrSm6TnZ3Q&s,https://encrypted-tbn0.gstatic.com/images?q=tbn:ANd9GcSd-PwjJtKLTI9d5C9gITxndt6z8XB3_HvvjF9KeYJ-PvpQ7lmAMcqNA200h0Y&s,Just Do It and Sport Changes Everything
Nintendo,https://encrypted-tbn0.gstatic.com/images?q=tbn:ANd9GcQ6UwMKlCqwp_jb81wJm3dZaEGIfjKs6e1-PUi_Vg9y8ZvjMY1umZ2sTjPFIW8&s,https://encrypted-tbn0.gstatic.com/images?q=tbn:ANd9GcQyRiFzwBNOX9p9SyBvvQCDj_XpL6GT7kGk_vYYVLkvkcpoUXeqJb-z1DkYbog&s,My Way To Play and Our Way To Play Switch
Nissan,https://encrypted-tbn0.gstatic.com/images?q=tbn:ANd9GcT6sj_psYfOivh5dVB0zEvwYpNx_7SasNWn0ovPLIAzR2AiJ5LCTFicGXw9rg&s,https://encrypted-tbn0.gstatic.com/images?q=tbn:ANd9GcR9MJWc98DtICauUYTxs-ykXl8fMOgR1hJfG7iMHjtMjPr9tlceVAgh33TquA&s,Innovation That Excites
Oracle,https://encrypted-tbn0.gstatic.com/images?q=tbn:ANd9GcSY70Dw5soQ0eLr-eIVECXmPoLwy6AaXLJQcdtFu8XDRCBpoZfMM-IeXpFcm1I&s,https://encrypted-tbn0.gstatic.com/images?q=tbn:ANd9GcSlCwzdhDpZhrF0yG2lK8dB59mH3uGfPgOA0zSd7nguhC9V2FJh21eEtKnuaQ&s,NA  Does not use a tagline
Pampers,https://encrypted-tbn0.gstatic.com/images?q=tbn:ANd9GcQAHwZ8A8Cneu2L4oorbuh0NfnHgwfMQsN3gcN1QXys2akc28NDaoDj2YBO25s&s,https://encrypted-tbn0.gstatic.com/images?q=tbn:ANd9GcT7dHSPZlaZ8pPIYXULv9UiSSkPrKQsOiis5ffs_g2qUfqhVMy3ywB_HOX4zi4&s,Love The Change
Panasonic,https://encrypted-tbn0.gstatic.com/images?q=tbn:ANd9GcS4VyFkk95T40lqa87VFAP8QKm6LXCPw4X8auRK4tJxaHBGFtq2jSEzEGTuBB8&s,https://encrypted-tbn0.gstatic.com/images?q=tbn:ANd9GcRfLWwQqtysmbYZyLQL-G4KjQXsW95agaABkbrWzzYj8QjzT-Xf1pMvTOsRQg&s,A Better Life
PayPal,https://encrypted-tbn0.gstatic.com/images?q=tbn:ANd9GcQ4NMHLhKiRi7zICXzFu2mSPdOXovce-MXb0itCo_sd-TSUQOZ3T-8X9_NqjF0&s,https://encrypted-tbn0.gstatic.com/images?q=tbn:ANd9GcRvJHe2Aoa35ENisDm-xRbPIh1ZHoR_MGOa-hWs96jM7npltWEc87yPg-8BUNg&s,PayPal Is New Money
Pepsi,https://encrypted-tbn0.gstatic.com/images?q=tbn:ANd9GcT-7eARVh2P4zt1mD3NVuNqhP_Q2wRIzgf5BdWiivPz3CthNA-t6kpyb1yhLQ&s,https://encrypted-tbn0.gstatic.com/images?q=tbn:ANd9GcQsyVbxe9VW9uNtkat1wE6XLwErAR47UiyWVy6RH2H4pDUBf2pYUXDkv7DmgoA&s,Thats What I Like
Philips,https://encrypted-tbn0.gstatic.com/images?q=tbn:ANd9GcSOm8szjvpyveZa5cLMAhr0cB1fz7IhR_2Z21vlcmuWjZBO2ppot8Ce9wIn6w&s,https://encrypted-tbn0.gstatic.com/images?q=tbn:ANd9GcQIX1WJOLDQkX5fE09t3n2XYfv2CpXhPShoK-VvogM7PDHX-ey7BvPdZw7VVQ&s,Innovation and You
Porsche,https://encrypted-tbn0.gstatic.com/images?q=tbn:ANd9GcRlgQxybVUJSWJ9DmtqmnwgrrHnQ8oIVGxp0IcyV6shUjJcufMbAhAyj5y7zA&s,https://encrypted-tbn0.gstatic.com/images?q=tbn:ANd9GcQMDH-C_kKpClgcOLP2BK86jlHcNPM-7kGWLwSJnJyfXu4nt6Wm0HglSXfSPA&s,NA  Does not use a tagline
Prada,https://encrypted-tbn0.gstatic.com/images?q=tbn:ANd9GcR1Sfa7HUVEAvxoWAhKBYk4_cJ0x7gDXGSsGavQzSn_hsXwVBOjgWI4iz8kPVE&s,https://encrypted-tbn0.gstatic.com/images?q=tbn:ANd9GcRkNdlP81OibOLzQQ7WcRn0xiRFKsisobQLmV7Hly10bHM8AXcy0brg9w5nu8w&s,NA  Does not use a tagline
Salesforce.com,https://encrypted-tbn0.gstatic.com/images?q=tbn:ANd9GcQfjHrLYlMKjmJky01xxzEv-FajjvQ8lVjRd5-lC7EYzMjlMs-EtiCOdoh8zQ&s,https://encrypted-tbn0.gstatic.com/images?q=tbn:ANd9GcTovfBcDrdqDcbQB6K-HINcRGYD3on0HxptJTI0CiGldxA6HpubGgQ8HUB7WQ&s,We Bring Companies and Customers Together
Samsung,https://encrypted-tbn0.gstatic.com/images?q=tbn:ANd9GcQ4OS7XxUs7R7ge-9YzbvpQo5vuo6KNcJ__gehsv-7Im7aWrmdsEFQ5EfX2_ys&s,https://encrypted-tbn0.gstatic.com/images?q=tbn:ANd9GcRFuSd0v-DO0RmuD-gKa6lXOeh-gRxzes0pyXm2WQZq9B8xAaI5zzwQ37G-8k4&s,Samsung  Inspire the World
SAP,https://encrypted-tbn0.gstatic.com/images?q=tbn:ANd9GcSgvxRkjlVE_ccoyXnFlKg8sqAJOd3jOvvBIJZviJJriu5FnotZcPKqpX-T9Ek&s,https://encrypted-tbn0.gstatic.com/images?q=tbn:ANd9GcRP6Gqf7C7Ur_23b2Py5QXJENnl7SdWPkYZR0G4JArZh_AY-bv3UO-lj_CoVw&s,NA  Does not use a tagline
Shell,https://encrypted-tbn0.gstatic.com/images?q=tbn:ANd9GcSUKrKepRBZ5PYj2PXQchOJoXA0fdEz87tI5E3X9UXUcUF96vEZOMpLX5CwMJs&s,https://encrypted-tbn0.gstatic.com/images?q=tbn:ANd9GcQjOYUjiVfHOvrW0PDo7Br_2abpyqPYZY2DA77nTJ5pOu-X6JDknaAT9gCXfQ&s,Its Fuel for Thought VPower
Siemens,https://encrypted-tbn0.gstatic.com/images?q=tbn:ANd9GcTOci6TtTn20bytRMc0LaZVB5cg6UjYxOkzXaexmzpijdBvyQ1GT-FpB2_wLAo&s,https://encrypted-tbn0.gstatic.com/images?q=tbn:ANd9GcQ8MCxNcf13nI9DSep7rrW97U0fZUI9IrnT2NOuRDbXeFw9vLmvRhczm0siEg&s,Ingenuity for Life
Sony,https://encrypted-tbn0.gstatic.com/images?q=tbn:ANd9GcRE4qzJtl_uGHxehb5j5iPG6b6_lZxfy5T-bWVJnv8BZSnKdyp6fV14Xt6o3w&s,https://encrypted-tbn0.gstatic.com/images?q=tbn:ANd9GcSyhUWaE-VQGvOToeKFWXgAJ6XiZU6E7WgxWGBnA2aLBD-saEjCDWb_smHCseY&s,NA  Does not use a tagline
Spotify,https://encrypted-tbn0.gstatic.com/images?q=tbn:ANd9GcR-dKYZTlq7krghdZxVxbjA7feUD_crb6FotlFRHkzwrHRZP0G7hJfJbGWMk4s&s,https://encrypted-tbn0.gstatic.com/images?q=tbn:ANd9GcTKmxg0rqKkrHQiNHUmfnw7c4JN4xwIGbKZxY-H9vTM4OsdMYLTI_5nBSbiA58&s,Free on Spotify
Starbucks,https://encrypted-tbn0.gstatic.com/images?q=tbn:ANd9GcSnU51RBNPiNkzTlhj9Z3FiTsT4kziMvE5hgHKAoufG2xwFtbWIJAzB8hEqxG0&s,https://encrypted-tbn0.gstatic.com/images?q=tbn:ANd9GcT-DWEU6W8IzdhNsFs-kfppjpeUMEVcJ6W66ngHTnHcPzGPSuOgGveNK1VSGQ8&s,NA  Does not use a tagline
Tiffany & Co.,https://encrypted-tbn0.gstatic.com/images?q=tbn:ANd9GcQl-XwCLmwiFH0SXKIOvwTDblmbijsQH0yPsW7lQh6a5mmiFaI0h8nRyq6aY1E&s,https://encrypted-tbn0.gstatic.com/images?q=tbn:ANd9GcQl-XwCLmwiFH0SXKIOvwTDblmbijsQH0yPsW7lQh6a5mmiFaI0h8nRyq6aY1E&s,Believe in Dreams and Believe in Love
Toyota,https://encrypted-tbn0.gstatic.com/images?q=tbn:ANd9GcSK9WvQRpqDoHaVblOot1YNqSf8vFppLaiAc4S2OYbD6HauhwPNtD-stkb5wPA&s,https://encrypted-tbn0.gstatic.com/images?q=tbn:ANd9GcSTa7POhKaDR15sF0XQvnUajkLBnnBQ5GghRpNKXNBfMMxn4zWRXf-U8C3UaD8&s,Lets Go Places
Uber,https://encrypted-tbn0.gstatic.com/images?q=tbn:ANd9GcSElHgahVatTtGeijmntA0R4Wj14Ymn9Vmt8J0ZY4am1_h99XS0sWi5jqaROg&s,https://encrypted-tbn0.gstatic.com/images?q=tbn:ANd9GcTl8odGKq-nt529wGDfS2oAomfHDGi4dA8-YxQX0m1HTLrtFVa2ZU1jbZhC0w&s,Doors Are Always Opening
UPS,https://encrypted-tbn0.gstatic.com/images?q=tbn:ANd9GcS9gRJ6MG6XzI-kZ53Zp21OZkP8fuCYqr9ThXWMlOU7AtfPxIUk6fzTsZQBGKE&s,https://encrypted-tbn0.gstatic.com/images?q=tbn:ANd9GcRgdeG6EM3CxHyNEEHYYmhpIQymzu2mzYgcqDMbdJ1-FalkuimxaDj6rEiXQZw&s,Every ing for Small Business And of Course
Visa,https://encrypted-tbn0.gstatic.com/images?q=tbn:ANd9GcTy4Dvl_9tnP32Eg7kcju_n4Q13SPHt_yRoOXug_-kvwcQ_EQZ7O7FypwtKdnw&s,https://encrypted-tbn0.gstatic.com/images?q=tbn:ANd9GcRZ1WyNSO75MmpinFsUBF4eQlQeQ3yqWt5B8r-s5srTfXQw4Bi5tchpgjZMVg&s,Everywhere You Want to Be
Volkswagen,https://encrypted-tbn0.gstatic.com/images?q=tbn:ANd9GcQ_VjVKnupcaOcLI8r8ogobtu2ECioo62JM9uzhjz5vmrXPbTZwnbFxDa2LHdw&s,https://encrypted-tbn0.gstatic.com/images?q=tbn:ANd9GcSTvdG8xP1_E5RUnO6T7a8Qo184nywq0Wm191QHlwJNdvO2Ny8qBSQvsq6osvc&s,Drive Bigger
Zara,https://encrypted-tbn0.gstatic.com/images?q=tbn:ANd9GcTm8vI5nBkEAcpoeHnbONukwDYmQYYXkRlPQ4M3CsAMnaJ6dsvUu-83aXtalkA&s,https://encrypted-tbn0.gstatic.com/images?q=tbn:ANd9GcSKhgXDi5zTII99GrgUcRskVktGwrD6dLujgX1D1dZeN2JyjhuEiBfar_vnTIo&s,NA  Does not use a tagline
